"0","best <- function(state, outcome) {"
"0","  # Read the outcome data"
"0","  data <- read.csv(""ProgrammingAssignment3_Data/outcome-of-care-measures.csv"", colClasses = ""character"")"
"0","  "
"0","  # Define valid outcomes and their corresponding column names in the data"
"0","  valid_outcomes <- c(""heart attack"", ""heart failure"", ""pneumonia"")"
"0","  outcome_column <- c(""heart attack"" = ""Hospital.30.Day.Death..Mortality..Rates.from.Heart.Attack"","
"0","                      ""heart failure"" = ""Hospital.30.Day.Death..Mortality..Rates.from.Heart.Failure"","
"0","                      ""pneumonia"" = ""Hospital.30.Day.Death..Mortality..Rates.from.Pneumonia"")"
"0","  "
"0","  # Check if the provided outcome is valid"
"0","  if (!outcome %in% valid_outcomes) {"
"0","    stop(""invalid outcome"")"
"0","  }"
"0","  "
"0","  # Check if the provided state is valid"
"0","  if (!state %in% unique(data$State)) {"
"0","    stop(""invalid state"")"
"0","  }"
"0","  "
"0","  # Subset the data for the specified state and outcome"
"0","  state_data <- subset(data, State == state)"
"0","  outcome_data <- state_data[, c(""Hospital.Name"", outcome_column[outcome])]"
"0","  "
"0","  # Convert the outcome data to numeric and remove rows with NA values"
"0","  outcome_data[, 2] <- as.numeric(outcome_data[, 2])"
"0","  outcome_data <- na.omit(outcome_data)"
"0","  "
"0","  # Find the hospital with the lowest 30-day mortality rate"
"0","  min_value <- min(outcome_data[, 2])"
"0","  best_hospitals <- outcome_data[outcome_data[, 2] == min_value, ""Hospital.Name""]"
"0","  "
"0","  # Return the hospital name, sorted alphabetically in case of ties"
"0","  best_hospital <- sort(best_hospitals)[1]"
"0","  return(best_hospital)"
"0","}"
"0",""
"0","# Example usage:"
"0","best(""TX"", ""heart attack"")"
"2","Warning in best(""TX"", ""heart attack"") :"
"2"," NAs introduced by coercion
"
"1","[1]"
"1"," ""CYPRESS FAIRBANKS MEDICAL CENTER"""
"1","
"
"0","best(""TX"", ""heart failure"")"
"2","Warning in best(""TX"", ""heart failure"") :"
"2"," NAs introduced by coercion
"
"1","[1]"
"1"," ""FORT DUNCAN MEDICAL CENTER"""
"1","
"
"0","best(""MD"", ""heart attack"")"
"2","Warning in best(""MD"", ""heart attack"") :"
"2"," NAs introduced by coercion
"
"1","[1]"
"1"," ""JOHNS HOPKINS HOSPITAL, THE"""
"1","
"
"0","best(""MD"", ""pneumonia"")"
"1","[1]"
"1"," ""GREATER BALTIMORE MEDICAL CENTER"""
"1","
"
