"0","rankhospital <- function(state, outcome, num = ""best"") {"
"0","  # Read the outcome data"
"0","  data <- read.csv(""ProgrammingAssignment3_Data/outcome-of-care-measures.csv"", colClasses = ""character"")"
"0","  "
"0","  # Define valid outcomes and their corresponding column names in the data"
"0","  valid_outcomes <- c(""heart attack"", ""heart failure"", ""pneumonia"")"
"0","  outcome_column <- c(""heart attack"" = ""Hospital.30.Day.Death..Mortality..Rates.from.Heart.Attack"","
"0","                      ""heart failure"" = ""Hospital.30.Day.Death..Mortality..Rates.from.Heart.Failure"","
"0","                      ""pneumonia"" = ""Hospital.30.Day.Death..Mortality..Rates.from.Pneumonia"")"
"0","  "
"0","  # Check if the provided outcome is valid"
"0","  if (!outcome %in% valid_outcomes) {"
"0","    stop(""invalid outcome"")"
"0","  }"
"0","  "
"0","  # Check if the provided state is valid"
"0","  if (!state %in% unique(data$State)) {"
"0","    stop(""invalid state"")"
"0","  }"
"0","  "
"0","  # Subset the data for the specified state and outcome"
"0","  state_data <- subset(data, State == state)"
"0","  outcome_data <- state_data[, c(""Hospital.Name"", outcome_column[outcome])]"
"0","  "
"0","  # Convert the outcome data to numeric and remove rows with NA values"
"0","  outcome_data[, 2] <- as.numeric(outcome_data[, 2])"
"0","  outcome_data <- na.omit(outcome_data)"
"0","  "
"0","  # Order the data by outcome and hospital name (to handle ties)"
"0","  outcome_data <- outcome_data[order(outcome_data[, 2], outcome_data[, 1]), ]"
"0","  "
"0","  # Determine the ranking"
"0","  if (num == ""best"") {"
"0","    rank <- 1"
"0","  } else if (num == ""worst"") {"
"0","    rank <- nrow(outcome_data)"
"0","  } else if (is.numeric(num) && num > 0 && num <= nrow(outcome_data)) {"
"0","    rank <- num"
"0","  } else {"
"0","    return(NA)"
"0","  }"
"0","  "
"0","  # Return the hospital name with the given rank"
"0","  return(outcome_data[rank, ""Hospital.Name""])"
"0","}"
"0",""
"0","# Example usage:"
"0","rankhospital(""TX"", ""heart failure"", 4)"
"2","Warning in rankhospital(""TX"", ""heart failure"", 4) :"
"2","
 "
"2"," NAs introduced by coercion
"
"1","[1]"
"1"," ""DETAR HOSPITAL NAVARRO"""
"1","
"
"0","rankhospital(""MD"", ""heart attack"", ""worst"")"
"2","Warning in rankhospital(""MD"", ""heart attack"", ""worst"") :"
"2","
 "
"2"," NAs introduced by coercion
"
"1","[1]"
"1"," ""HARFORD MEMORIAL HOSPITAL"""
"1","
"
"0","rankhospital(""MN"", ""heart attack"", 5000)"
"2","Warning in rankhospital(""MN"", ""heart attack"", 5000) :"
"2","
 "
"2"," NAs introduced by coercion
"
"1","[1]"
"1"," NA"
"1","
"
